Nha Cung Cap,San Pham,So Luong Dat,So Luong Loi,Ti Le Loi,Chiet Khau,Thoi Gian Giao Hang,Quy Mo,Vi Tri,Dich Vu Khach Hang,
B_MOBI,O cung,41,0,0,1,0,1,0,0,
B_MOBI,Loa,80,0,0,0,0,1,0,0,
B_MOBI,Loa,98,0,0,0.4,0,1,0,0.5,
B_MOBI,O cung,98,0,0,1,0,1,0,0,
B_MOBI,Loa,97,0,0,0.8,0,1,0,0,
B_MOBI,Loa,15,0,0,0.6,0,1,0,0.5,
B_MOBI,Loa,88,1,0.011931818,0,0,1,0,0,
B_MOBI,Loa,80,1,0.013125,0.4,0,1,0,0,
B_MOBI,Loa,77,1,0.013636364,0.9,0,1,0,0,
B_MOBI,Ban Phim,60,1,0.0175,0.2,0,1,0,0,
B_MOBI,Ram,56,1,0.01875,0.6,0,1,0,0,
B_MOBI,Ram,89,2,0.023595506,0.2,0,1,0,0,
B_MOBI,Ban Phim,86,2,0.024418605,0.5,0,1,0,0,
B_MOBI,Loa,95,3,0.033157894,1,0,1,0,0,
B_MOBI,Loa,63,2,0.033333334,0.6,0,1,0,0,
B_MOBI,Ban Phim,83,3,0.037951807,0.4,0,1,0,0,
B_MOBI,Loa,78,3,0.040384615,0.6,0,1,0,0,
B_MOBI,Ram,75,3,0.042,0.8,0,1,0,0,
B_MOBI,Ban Phim,46,2,0.045652174,0.3,0,1,0,0,
B_MOBI,Loa,68,3,0.046323529,0.6,0,1,0,0.5,
B_MOBI,Loa,84,4,0.05,0.1,0,1,0,0,
B_MOBI,Ban Phim,84,4,0.05,0.4,0,1,0,0,
B_MOBI,Loa,62,3,0.050806452,1,0,1,0,0,
B_MOBI,O cung,93,5,0.056451613,0.6,0,1,0,0,
B_MOBI,Loa,74,5,0.070945946,0.9,0,1,0,0.5,
B_MOBI,Loa,93,7,0.079032258,0.6,0,1,0,0,
B_MOBI,Ban Phim,53,4,0.079245283,0,0,1,0,0,
B_MOBI,Loa,50,4,0.084,0.4,0,1,0,0,
B_MOBI,Loa,25,2,0.084,0.3,0,1,0,0.5,
B_MOBI,O cung,86,7,0.085465116,0.9,0,1,0,0,
B_MOBI,Loa,46,4,0.091304348,0.8,0,1,0,0,
B_MOBI,Ban Phim,43,4,0.097674419,0.6,0,1,0,0,
B_MOBI,Ram,96,9,0.0984375,0.8,0,1,0,0.5,
B_MOBI,Ban Phim,84,8,0.1,0.5,0,1,0,0,
B_MOBI,Loa,21,2,0.1,1,0,1,0,0,
B_MOBI,Ban Phim,58,6,0.10862069,0.1,0,1,0,0,
B_MOBI,O cung,19,2,0.110526316,0,0,1,0,0,
B_MOBI,O cung,88,10,0.119318182,0.5,0,1,0,0,
B_MOBI,Ram,79,9,0.119620254,0.6,0,1,0,0,
B_MOBI,O cung,60,7,0.1225,0.3,0,1,0,0.5,
B_MOBI,Loa,77,9,0.122727273,1,0,1,0,0.5,
B_MOBI,Loa,67,8,0.125373134,0,0,1,0,0,
B_MOBI,O cung,83,10,0.126506024,0.8,0,1,0,0.5,
B_MOBI,O cung,83,10,0.126506024,0,0,1,0,0,
B_MOBI,Loa,99,12,0.127272727,0.2,0,1,0,0,
B_MOBI,O cung,97,12,0.129896907,0.7,0,1,0,0.5,
B_MOBI,Loa,83,11,0.139156626,1,0,1,0,0,
B_MOBI,O cung,98,13,0.139285714,0.7,0,1,0,0.5,
B_MOBI,Loa,22,3,0.143181818,0.6,0,1,0,0,
B_MOBI,O cung,95,13,0.14368421,0.5,0,1,0,0.5,
B_MOBI,Loa,51,7,0.144117647,0.3,0,1,0,0,
B_MOBI,O cung,72,10,0.145833334,0.5,0,1,0,0.5,
B_MOBI,Loa,78,11,0.148076923,0.5,0,1,0,0,
B_MOBI,Loa,28,4,0.15,0.7,0,1,0,0.5,
B_MOBI,Loa,63,9,0.15,0.2,0,1,0,0,
B_MOBI,O cung,55,8,0.152727272,1,0,1,0,0,
B_MOBI,Ban Phim,55,8,0.152727272,0.8,0,1,0,0,
B_MOBI,Ban Phim,40,6,0.1575,0,0,1,0,0.5,
B_MOBI,Loa,99,15,0.15909091,0,0,1,0,0,
B_MOBI,Ban Phim,54,9,0.175,0.1,0,1,0,0.5,
B_MOBI,Ram,24,4,0.175,1,0,1,0,0,
B_MOBI,Ban Phim,81,14,0.181481481,0.4,0,1,0,0,
B_MOBI,Ban Phim,40,7,0.18375,0.8,0,1,0,0,
B_MOBI,Loa,97,17,0.184020619,0,0,1,0,0.5,
B_MOBI,Ban Phim,91,16,0.184615385,0.5,0,1,0,0,
B_MOBI,O cung,73,13,0.186986302,0.1,0,1,0,0,
B_MOBI,Loa,93,17,0.191935484,0.1,0,1,0,0,
B_MOBI,Loa,65,12,0.193846154,0,0,1,0,0,
B_MOBI,Ban Phim,16,3,0.196875,0.7,0,1,0,0,
B_MOBI,O cung,73,14,0.201369863,1,0,1,0,0,
B_MOBI,O cung,67,13,0.203731344,1,0,1,0,0,
B_MOBI,Ban Phim,95,19,0.21,0.9,0,1,0,0,
B_MOBI,Loa,70,14,0.21,1,0,1,0,0.5,
B_MOBI,Ram,89,18,0.212359551,0.7,0,1,0,0,
B_MOBI,Ban Phim,74,15,0.212837838,0.9,0,1,0,0,
B_MOBI,Loa,74,15,0.212837838,0.1,0,1,0,0,
B_MOBI,Ram,48,10,0.21875,0.8,0,1,0,0,
B_MOBI,O cung,85,18,0.222352941,0.8,0,1,0,0.5,
B_MOBI,Loa,85,18,0.222352941,0.8,0,1,0,0,
B_MOBI,Loa,14,3,0.225,0,0,1,0,0,
B_MOBI,O cung,77,17,0.231818182,0.3,0,1,0,0,
B_MOBI,Ram,54,12,0.233333333,0.2,0,1,0,0.5,
B_MOBI,Loa,89,20,0.235955056,0.1,0,1,0,0.5,
B_MOBI,Ram,75,17,0.238,1,0,1,0,0,
B_MOBI,Loa,70,16,0.240000001,1,0,1,0,0,
B_MOBI,Ram,43,10,0.244186047,0.7,0,1,0,0,
B_MOBI,Ram,85,20,0.247058824,0.6,0,1,0,0,
B_MOBI,O cung,59,14,0.249152543,0,0,1,0,0,
B_MOBI,Loa,84,20,0.25,0.9,0,1,0,0,
B_MOBI,Loa,62,15,0.254032258,0,0,1,0,0,
B_MOBI,Loa,48,12,0.2625,0.4,0,1,0,0,
B_MOBI,Ban Phim,76,19,0.2625,0.1,0,1,0,0,
B_MOBI,O cung,12,3,0.2625,0.4,0,1,0,0,
B_MOBI,Ban Phim,74,19,0.269594595,0.3,0,1,0,0,
B_MOBI,Ban Phim,65,17,0.274615385,0.8,0,1,0,0,
B_MOBI,Ban Phim,72,19,0.277083334,0.7,0,1,0,0,
B_MOBI,Ram,63,18,0.3,0.2,0,1,0,0,
B_MOBI,Ban Phim,54,17,0.330555556,0.9,0,1,0,0,
B_MOBI,O cung,63,20,0.333333333,0.2,0,1,0,0,
B_MOBI,O cung,61,20,0.344262295,1,0,1,0,0.5,
B_MOBI,Ram,26,9,0.363461538,0.2,0,1,0,0.5,
B_MOBI,O cung,48,17,0.371875,0.2,0,1,0,0,
B_MOBI,Loa,53,20,0.396226416,0.3,0,1,0,0,
B_MOBI,Ram,48,19,0.415625,0.6,0,1,0,0,
B_MOBI,Loa,42,17,0.425,0.9,0.5,1,0,0.5,
B_MOBI,Loa,28,12,0.450000001,0.8,0.5,1,0,0,
B_MOBI,Ban Phim,40,18,0.4725,0.5,0.5,1,0,0,
B_MOBI,Ban Phim,28,13,0.4875,0.8,0.5,1,0,0.5,
B_MOBI,Loa,42,20,0.5,0.3,0.5,1,0,0,
B_MOBI,O cung,17,9,0.555882353,0.1,0.5,1,0,0,
B_MOBI,O cung,28,15,0.562500001,0.2,0.5,1,0,0,
B_MOBI,Ram,18,10,0.583333334,0.9,0.5,1,0,0,
B_MOBI,Ram,14,8,0.6,0.2,0.5,1,0,0,
B_MOBI,Ram,26,15,0.605769231,0.9,0.5,1,0,0.5,
B_MOBI,Loa,5,3,0.63,0.6,0.5,1,0,0,
B_MOBI,Loa,22,14,0.668181818,1,0,1,0,0.5,
B_MOBI,Ban Phim,28,18,0.675,0.8,0,1,0,0,
B_MOBI,O cung,23,15,0.684782609,0.4,0,1,0,0,
B_MOBI,Ban Phim,25,18,0.756,0.7,0,1,0,0,
B_MOBI,Ram,8,6,0.7875,1,0,1,0,0.5,
B_MOBI,O cung,23,18,0.821739131,0.5,0,1,0,0.5,
B_MOBI,Loa,20,16,0.84,0.7,0,1,0,0.5,
B_MOBI,Ram,5,4,0.84,0.9,0,1,0,0,
B_MOBI,O cung,5,4,0.84,0.3,0,1,0,0.5,
B_MOBI,Loa,11,9,0.859090909,0.7,0,1,0,0,
B_MOBI,Ram,15,13,0.910000001,1,0,1,0,0.5,
B_MOBI,O cung,8,7,0.91875,0.2,0,1,0,0.5,
B_MOBI,Ram,10,9,0.945,0.4,0,1,0,0.5,
B_MOBI,O cung,10,9,0.945,0.4,0,1,0,0,
B_MOBI,Ban Phim,11,10,0.954545455,0.8,0,1,0,0.5,
B_MOBI,Ram,12,11,0.962500001,0.8,0,1,0,0.5,
B_MOBI,Ban Phim,12,11,0.962500001,1,0,1,0,0.5,
B_MOBI,Ram,14,13,0.975000001,0.3,0,1,0,0.5,
B_MOBI,Ram,15,14,0.98,0,0,1,0,0,
B_MOBI,O cung,15,14,0.98,0.9,0,1,0,0,
B_MOBI,Ban Phim,17,16,0.988235295,0.1,0,0,0,0,
C_MOBI,Ban Phim,68,0,0,0.3,0.5,0.5,0.5,0,
C_MOBI,Ban Phim,14,0,0,0.8,0.5,0.5,0.5,0,
C_MOBI,Ban Phim,96,0,0,0.8,0.5,0.5,0.5,0.5,
C_MOBI,Ram,7,0,0,0.6,0.5,0.5,0.5,0,
C_MOBI,Ban Phim,97,1,0.010824742,0.8,0.5,0.5,0.5,0.5,
C_MOBI,Loa,45,1,0.023333333,0.2,0.5,0.5,0.5,0,
C_MOBI,Loa,83,2,0.025301205,0.8,0.5,0.5,0.5,0.5,
C_MOBI,Loa,77,2,0.027272727,0.1,0.5,0.5,0.5,0,
C_MOBI,O cung,62,2,0.033870968,0.1,0.5,0.5,0.5,0,
C_MOBI,Loa,62,2,0.033870968,0.9,0.5,0.5,0.5,0,
C_MOBI,Ban Phim,60,2,0.035,0.2,0.5,0.5,0.5,0,
C_MOBI,O cung,89,3,0.035393258,0.2,0.5,0.5,0.5,0,
C_MOBI,Ban Phim,59,2,0.03559322,0.3,0.5,0.5,0.5,0,
C_MOBI,O cung,96,4,0.04375,0.5,0.5,0.5,0.5,0,
C_MOBI,Loa,70,3,0.045,0.9,0.5,0.5,0.5,0,
C_MOBI,Ban Phim,21,1,0.05,0.5,0.5,0.5,0.5,0.5,
C_MOBI,Loa,41,2,0.051219512,0.5,0.5,0.5,0.5,0,
C_MOBI,Ram,78,4,0.053846154,0.8,0.5,0.5,0.5,0.5,
C_MOBI,Loa,76,4,0.055263158,0.5,0.5,0.5,0.5,0,
C_MOBI,Ram,74,4,0.056756757,0.4,0.5,0.5,0.5,0,
C_MOBI,O cung,100,7,0.0735,0.8,0.5,0.5,0.5,0.5,
C_MOBI,O cung,14,1,0.075,0.2,0.5,0.5,0.5,0.5,
C_MOBI,Ram,98,7,0.075,0.3,0.5,0.5,0.5,0.5,
C_MOBI,O cung,69,5,0.076086956,0.9,0.5,0.5,0.5,0.5,
C_MOBI,Ram,77,6,0.081818182,0.2,0.5,0.5,0.5,0,
C_MOBI,Loa,88,7,0.083522728,0.4,0.5,0.5,0.5,0,
C_MOBI,Loa,86,7,0.085465116,0.5,0.5,0.5,0.5,0,
C_MOBI,O cung,97,8,0.086597938,0.7,0.5,0.5,0.5,0.5,
C_MOBI,Loa,45,4,0.093333333,0.4,0.5,0.5,0.5,0,
C_MOBI,Ram,56,5,0.09375,0,0.5,0.5,0.5,0,
C_MOBI,Loa,98,9,0.096428572,0.3,0.5,0.5,0.5,0,
C_MOBI,Loa,65,6,0.096923077,0,0.5,0.5,0.5,0,
C_MOBI,O cung,82,8,0.102439025,0.3,0.5,0.5,0.5,0,
C_MOBI,Ram,87,9,0.10862069,0.5,0.5,0.5,0.5,0,
C_MOBI,Ram,91,10,0.115384616,1,0.5,0.5,0.5,0,
C_MOBI,Loa,99,11,0.116666667,0.8,0.5,0.5,0.5,0,
C_MOBI,Loa,63,7,0.116666667,0,0.5,0.5,0.5,0,
C_MOBI,O cung,78,9,0.121153846,0,0.5,0.5,0.5,0,
C_MOBI,Ram,98,12,0.128571429,0.2,0.5,0.5,0.5,0,
C_MOBI,Ram,71,9,0.133098591,1,0.5,0.5,0.5,0,
C_MOBI,Loa,100,13,0.1365,0.1,0.5,0.5,0.5,0,
C_MOBI,Loa,53,7,0.138679246,0.3,0.5,0.5,0.5,0.5,
C_MOBI,Loa,96,13,0.1421875,0.4,0.5,0.5,0.5,0.5,
C_MOBI,O cung,58,8,0.144827586,0.9,0.5,0.5,0.5,0,
C_MOBI,Loa,100,14,0.147,0.7,0.5,0.5,0.5,0,
C_MOBI,Loa,78,11,0.148076923,0.3,0.5,0.5,0.5,0,
C_MOBI,Ban Phim,99,14,0.148484848,0.3,0.5,0.5,0.5,0.5,
C_MOBI,O cung,7,1,0.15,1,0.5,0.5,0.5,0.5,
C_MOBI,Loa,80,12,0.1575,0.3,0.5,0.5,0.5,0,
C_MOBI,O cung,77,12,0.163636364,0.3,0.5,0.5,0.5,0,
C_MOBI,O cung,89,14,0.16516854,0.2,0.5,0.5,0.5,0,
C_MOBI,Ram,57,9,0.165789474,0.2,0.5,0.5,0.5,0,
C_MOBI,Ban Phim,44,7,0.167045455,0.9,0.5,0.5,0.5,0.5,
C_MOBI,Loa,96,16,0.175,0,0.5,0.5,0.5,0,
C_MOBI,Ram,24,4,0.175,0.8,0.5,0.5,0.5,0,
C_MOBI,Loa,12,2,0.175,0.8,0.5,0.5,0.5,0,
C_MOBI,O cung,70,12,0.18,0.9,0.5,0.5,0.5,0,
C_MOBI,Ban Phim,70,12,0.18,0.4,0.5,0.5,0.5,0.5,
C_MOBI,Loa,62,11,0.186290323,0.8,0.5,0.5,0.5,0.5,
C_MOBI,Loa,82,15,0.192073171,0.7,0.5,0.5,0.5,0,
C_MOBI,Ram,74,14,0.198648649,0.5,0.5,0.5,0.5,0,
C_MOBI,Ram,97,19,0.205670104,0.2,0.5,0.5,0.5,0,
C_MOBI,Ban Phim,84,18,0.225,0,0.5,0.5,0.5,0,
C_MOBI,Loa,46,10,0.228260869,0.3,0.5,0.5,0.5,0,
C_MOBI,Ban Phim,77,17,0.231818182,0.2,0.5,0.5,0.5,0.5,
C_MOBI,Loa,67,15,0.235074627,0.8,0.5,0.5,0.5,0,
C_MOBI,O cung,48,11,0.240625,0.8,0.5,0.5,0.5,0,
C_MOBI,Ban Phim,84,20,0.25,0.2,0.5,0.5,0.5,0,
C_MOBI,Ban Phim,16,4,0.2625,0.8,0.5,0.5,0.5,0.5,
C_MOBI,Loa,72,18,0.2625,0,0.5,0.5,0.5,0,
C_MOBI,Loa,74,19,0.269594595,0.8,0.5,0.5,0.5,0,
C_MOBI,Loa,73,19,0.273287672,0.7,0.5,0.5,0.5,0.5,
C_MOBI,O cung,46,12,0.273913043,0.7,0.5,0.5,0.5,0,
C_MOBI,Ban Phim,56,15,0.28125,0.3,0.5,0.5,0.5,0.5,
C_MOBI,O cung,51,14,0.288235294,0.6,0.5,0.5,0.5,0,
C_MOBI,Loa,60,17,0.2975,0,0.5,0.5,0.5,0,
C_MOBI,Ban Phim,42,12,0.3,0.8,0.5,0.5,0.5,0.5,
C_MOBI,Ban Phim,66,19,0.302272728,0.2,0.5,0.5,0.5,0,
C_MOBI,Loa,69,20,0.304347826,0.8,0.5,0.5,0.5,0,
C_MOBI,Loa,54,16,0.311111111,0.5,0.5,0.5,0.5,0.5,
C_MOBI,Loa,47,14,0.312765957,0.3,0.5,0.5,0.5,0.5,
C_MOBI,Ram,45,14,0.326666667,0.1,0.5,0.5,0.5,0.5,
C_MOBI,O cung,60,19,0.3325,0.5,0.5,0.5,0.5,0,
C_MOBI,Loa,41,13,0.33292683,0,0.5,0.5,0.5,0,
C_MOBI,Ram,44,14,0.334090909,0.5,0.5,0.5,0.5,0,
C_MOBI,Loa,14,5,0.375,0.6,0.5,0.5,0.5,0.5,
C_MOBI,Ram,46,17,0.388043478,0.7,0.5,0.5,0.5,0,
C_MOBI,Loa,40,15,0.39375,0.6,1,0.5,0.5,0,
C_MOBI,Loa,44,17,0.405681818,0.3,1,0.5,0.5,0.5,
C_MOBI,Ban Phim,49,19,0.407142857,0.3,1,0.5,0.5,0,
C_MOBI,Ram,20,8,0.42,0.8,1,0.5,0.5,0.5,
C_MOBI,O cung,48,20,0.437500001,0,1,0.5,0.5,0.5,
C_MOBI,Ram,24,10,0.437500001,0.4,1,0.5,0.5,0.5,
C_MOBI,Ram,41,18,0.46097561,0.3,1,0.5,0.5,0,
C_MOBI,Ban Phim,42,20,0.5,0.8,1,0.5,0.5,0,
C_MOBI,Loa,25,12,0.504,0.4,1,0.5,0.5,0.5,
C_MOBI,Ban Phim,40,20,0.525,0.1,1,0.5,0.5,0,
C_MOBI,Ram,14,7,0.525,0.6,1,0.5,0.5,0,
C_MOBI,Loa,9,5,0.583333334,0,1,0.5,0.5,0,
C_MOBI,Loa,16,9,0.590625,0.1,1,0.5,0.5,0,
C_MOBI,Ban Phim,27,17,0.661111112,0.5,1,0.5,0.5,0,
C_MOBI,O cung,19,12,0.663157895,0.1,1,0.5,0.5,0,
C_MOBI,Loa,10,7,0.735,0.9,1,0.5,0.5,0,
C_MOBI,O cung,27,20,0.777777778,0.3,1,0.5,0.5,0.5,
C_MOBI,Loa,21,17,0.850000001,0.9,1,0.5,0.5,0,
C_MOBI,Ram,17,14,0.864705883,0.2,1,0.5,0.5,0,
C_MOBI,Loa,12,10,0.875,0.6,1,0.5,0.5,0,
C_MOBI,Ban Phim,6,5,0.875,0.9,1,0.5,0.5,0,
C_MOBI,Ram,20,17,0.8925,0.9,1,0.5,0.5,0,
C_MOBI,Loa,7,6,0.9,1,1,0.5,0.5,0,
C_MOBI,Ban Phim,7,6,0.9,0.1,1,0.5,0.5,0.5,
C_MOBI,Loa,8,7,0.91875,0.4,1,0.5,0.5,0.5,
C_MOBI,Loa,11,10,0.954545455,0.9,1,0.5,0.5,0.5,
C_MOBI,Loa,16,15,0.984375,0.9,1,0.5,0.5,0,
C_MOBI,Loa,17,16,0.988235295,0.7,1,0,1,0,
ET_MOBI,Loa,55,0,0,0,1,0,1,1,
ET_MOBI,Ban Phim,40,0,0,0.1,1,0,1,1,
ET_MOBI,Ban Phim,88,0,0,1,1,0,1,1,
ET_MOBI,Ram,55,0,0,0.1,1,0,1,1,
ET_MOBI,Ban Phim,5,0,0,0.2,1,0,1,0.5,
ET_MOBI,Ban Phim,27,0,0,0.6,1,0,1,1,
ET_MOBI,Ram,100,1,0.0105,0.5,1,0,1,1,
ET_MOBI,Loa,85,1,0.012352941,0.7,1,0,1,1,
ET_MOBI,Loa,76,1,0.01381579,0.6,1,0,1,0.5,
ET_MOBI,Loa,97,2,0.021649485,0,1,0,1,1,
ET_MOBI,Loa,97,2,0.021649485,0.9,1,0,1,0.5,
ET_MOBI,Ram,92,2,0.022826087,1,1,0,1,1,
ET_MOBI,Ram,92,2,0.022826087,0.3,1,0,1,1,
ET_MOBI,O cung,70,2,0.03,0.8,1,0,1,0.5,
ET_MOBI,Loa,92,3,0.034239131,0,1,0,1,1,
ET_MOBI,Ram,89,3,0.035393258,0.7,1,0,1,1,
ET_MOBI,Loa,28,1,0.0375,0.2,1,0,1,0.5,
ET_MOBI,Ram,92,4,0.045652174,1,1,0,1,1,
ET_MOBI,O cung,62,3,0.050806452,0.7,1,0,1,1,
ET_MOBI,Loa,76,4,0.055263158,0,1,0,1,0.5,
ET_MOBI,Loa,83,5,0.063253012,1,1,0,1,1,
ET_MOBI,Loa,61,4,0.068852459,1,1,0,1,1,
ET_MOBI,O cung,45,3,0.07,0.4,1,0,1,0.5,
ET_MOBI,Ban Phim,44,3,0.071590909,0.3,1,0,1,1,
ET_MOBI,O cung,93,7,0.079032258,0,1,0,1,1,
ET_MOBI,Loa,77,6,0.081818182,0.5,1,0,1,0.5,
ET_MOBI,Ban Phim,88,8,0.095454546,0.3,1,0,1,0.5,
ET_MOBI,Ram,80,8,0.105,0.5,1,0,1,1,
ET_MOBI,Loa,88,9,0.107386363,0.1,1,0,1,0.5,
ET_MOBI,Loa,96,10,0.109375,0.6,1,0,1,1,
ET_MOBI,Ban Phim,79,9,0.119620254,0.1,1,0,1,1,
ET_MOBI,Ban Phim,84,10,0.125,0.6,1,0,1,1,
ET_MOBI,O cung,66,8,0.127272727,0.8,1,0,1,0.5,
ET_MOBI,Ram,82,10,0.128048781,0.7,1,0,1,1,
ET_MOBI,Ban Phim,47,6,0.134042553,0.9,1,0,1,1,
ET_MOBI,Loa,62,8,0.135483871,0.7,1,0,1,1,
ET_MOBI,Ban Phim,76,10,0.138157894,0.3,1,0,1,1,
ET_MOBI,Loa,97,13,0.14072165,0.3,1,0,1,0.5,
ET_MOBI,Loa,65,9,0.145384615,0.9,1,0,1,1,
ET_MOBI,Loa,93,14,0.158064516,0.4,1,0,1,1,
ET_MOBI,Ram,93,14,0.158064516,0.8,1,0,1,1,
ET_MOBI,Ram,59,9,0.160169492,0,1,0,1,1,
ET_MOBI,Ram,72,11,0.160416667,0.1,1,0,1,1,
ET_MOBI,Loa,85,13,0.160588235,1,1,0,1,1,
ET_MOBI,Loa,52,8,0.161538462,0.4,1,0,1,1,
ET_MOBI,Ram,76,12,0.165789474,0.6,0.5,0,1,1,
ET_MOBI,Ban Phim,44,7,0.167045455,0.5,1,0,1,1,
ET_MOBI,Ram,87,14,0.168965517,1,1,0,1,1,
ET_MOBI,Ram,85,14,0.172941176,0.3,1,0,1,1,
ET_MOBI,O cung,18,3,0.175,0.6,0.5,0,1,1,
ET_MOBI,Ram,6,1,0.175,0.9,1,0,1,1,
ET_MOBI,Loa,96,17,0.1859375,0.9,1,0,1,1,
ET_MOBI,Loa,60,11,0.1925,0.4,1,0,1,1,
ET_MOBI,Ram,81,15,0.194444444,0.2,0.5,0,1,1,
ET_MOBI,Ban Phim,53,10,0.198113207,0.7,0.5,0,1,1,
ET_MOBI,Ram,47,9,0.20106383,0.8,1,0,1,1,
ET_MOBI,Ban Phim,52,10,0.201923077,1,1,0,1,1,
ET_MOBI,Loa,91,18,0.207692308,0.5,0.5,0,1,1,
ET_MOBI,Loa,77,16,0.218181818,0.6,1,0,1,1,
ET_MOBI,O cung,96,20,0.21875,1,0.5,0,1,1,
ET_MOBI,O cung,66,14,0.222727273,0.4,1,0,1,1,
ET_MOBI,O cung,89,20,0.235955056,0.7,1,0,1,1,
ET_MOBI,Ban Phim,89,20,0.235955056,0.7,1,0,1,1,
ET_MOBI,Loa,52,12,0.242307693,0.5,1,0,1,1,
ET_MOBI,Loa,65,15,0.242307693,0.2,1,0,1,1,
ET_MOBI,Loa,29,7,0.253448276,0.1,1,0,1,1,
ET_MOBI,Ram,58,14,0.253448276,0.3,1,0,1,1,
ET_MOBI,Ram,16,4,0.2625,0.2,1,0,1,1,
ET_MOBI,O cung,69,18,0.273913043,0.8,0.5,0,1,1,
ET_MOBI,O cung,70,19,0.285,0.4,0.5,0,1,1,
ET_MOBI,Ram,53,15,0.297169812,0.6,0.5,0,1,1,
ET_MOBI,Ban Phim,66,19,0.302272728,0.1,1,0,1,1,
ET_MOBI,Ban Phim,22,7,0.334090909,0,1,0,1,1,
ET_MOBI,Ban Phim,45,15,0.35,0.2,0.5,0,1,1,
ET_MOBI,Loa,49,17,0.364285715,0,1,0,1,1,
ET_MOBI,Loa,46,17,0.388043478,0,1,0,1,1,
ET_MOBI,O cung,8,3,0.39375,0.5,1,0,1,1,
ET_MOBI,Ban Phim,52,20,0.403846154,0,1,0,1,1,
ET_MOBI,Loa,46,19,0.433695652,0.2,1,0,1,1,
ET_MOBI,Ban Phim,43,18,0.439534884,0.5,1,0,1,0.5,
ET_MOBI,Ram,23,10,0.45652174,0.5,1,0,1,1,
ET_MOBI,Ram,16,7,0.459375,0,1,0,1,1,
ET_MOBI,Ram,27,12,0.466666666,0.8,1,0,1,1,
ET_MOBI,Ban Phim,29,13,0.470689655,0.6,1,0,1,1,
ET_MOBI,Ram,42,19,0.475,0.7,1,0,1,1,
ET_MOBI,Loa,13,6,0.484615385,0.3,1,0,1,1,
ET_MOBI,Ram,26,13,0.525,0,1,0,1,1,
ET_MOBI,Loa,21,12,0.6,0.7,1,0,1,0.5,
ET_MOBI,Ram,22,13,0.620454546,0.8,1,0,1,1,
ET_MOBI,Loa,16,10,0.65625,0.1,1,0,1,1,
ET_MOBI,Loa,6,5,0.875,0,1,0,1,1,
ET_MOBI,Ram,19,16,0.884210527,0.3,1,0,1,0.5,
ET_MOBI,Loa,7,6,0.9,0.4,1,0,1,1,
ET_MOBI,Loa,14,12,0.9,0.2,1,0,1,1,
ET_MOBI,Ram,8,7,0.91875,0,1,0,1,1,
ET_MOBI,O cung,9,8,0.933333334,0,1,0,1,1,
ET_MOBI,O cung,11,10,0.954545455,1,1,0,1,1,
ET_MOBI,Loa,11,10,0.954545455,0.3,1,0,1,0.5,
ET_MOBI,O cung,11,10,0.954545455,0,1,0,1,1,
ET_MOBI,Ban Phim,12,11,0.962500001,0.1,1,0,1,1,
ET_MOBI,Ban Phim,12,11,0.962500001,0.5,1,0,1,1,
ET_MOBI,Ban Phim,17,16,0.988235295,0.7,1,0,1,1,
ET_MOBI,Loa,17,16,0.988235295,0,1,0,1,1,
ET_MOBI,Loa,21,20,1,0.6,1,0.5,0.5,1,
H_MOBI,Ram,54,0,0,0.3,0.5,0.5,0.5,1,
H_MOBI,Ban Phim,58,0,0,0.8,0.5,0.5,0.5,1,
H_MOBI,Loa,20,0,0,0.8,0.5,0.5,0.5,1,
H_MOBI,Ban Phim,7,0,0,1,0.5,0.5,0.5,0.5,
H_MOBI,O cung,64,0,0,0,0.5,0.5,0.5,0.5,
H_MOBI,O cung,50,0,0,0.1,0.5,0.5,0.5,0.5,
H_MOBI,Ban Phim,85,1,0.012352941,0.5,0.5,0.5,0.5,0.5,
H_MOBI,Ram,74,1,0.01418919,1,0.5,0.5,0.5,0.5,
H_MOBI,Loa,58,1,0.018103448,0.6,0.5,0.5,0.5,0.5,
H_MOBI,Loa,85,2,0.024705883,0.4,0.5,0.5,0.5,0.5,
H_MOBI,Loa,40,1,0.02625,1,0.5,0.5,0.5,0.5,
H_MOBI,Ban Phim,79,2,0.026582279,0.7,0.5,0.5,0.5,0.5,
H_MOBI,O cung,75,2,0.028,0.9,0.5,0.5,0.5,0.5,
H_MOBI,Ram,87,3,0.036206897,1,0.5,0.5,0.5,0.5,
H_MOBI,Loa,86,3,0.036627907,0,0.5,0.5,0.5,0.5,
H_MOBI,Loa,85,3,0.037058824,0.9,0.5,0.5,0.5,0,
H_MOBI,Loa,85,3,0.037058824,0.1,0.5,0.5,0.5,0.5,
H_MOBI,Loa,28,1,0.0375,0.6,0.5,0.5,0.5,0.5,
H_MOBI,O cung,54,2,0.038888889,0.1,0.5,0.5,0.5,0.5,
H_MOBI,Loa,49,2,0.042857143,1,0.5,0.5,0.5,0.5,
H_MOBI,O cung,92,4,0.045652174,0.1,0.5,0.5,0.5,0.5,
H_MOBI,Ban Phim,66,3,0.047727272,1,0.5,0.5,0.5,0.5,
H_MOBI,Ram,87,4,0.048275862,0.8,0.5,0.5,0.5,0.5,
H_MOBI,Loa,65,3,0.048461538,0.5,0.5,0.5,0.5,0.5,
H_MOBI,Loa,40,2,0.0525,0.5,0.5,0.5,0.5,0,
H_MOBI,Loa,77,4,0.054545455,0.6,0.5,0.5,0.5,0.5,
H_MOBI,O cung,57,3,0.055263158,0,0.5,0.5,0.5,0.5,
H_MOBI,Ram,75,4,0.056,0.6,0.5,0.5,0.5,0.5,
H_MOBI,Loa,99,6,0.063636364,0.8,0.5,0.5,0.5,0.5,
H_MOBI,Loa,78,5,0.067307692,0.6,0.5,0.5,0.5,0.5,
H_MOBI,Ban Phim,45,3,0.07,0.7,0.5,0.5,0.5,0.5,
H_MOBI,Loa,29,2,0.072413793,0.3,0.5,0.5,0.5,0.5,
H_MOBI,Loa,92,7,0.079891305,0.3,0.5,0.5,0.5,0,
H_MOBI,Loa,86,7,0.085465116,1,0.5,0.5,0.5,0.5,
H_MOBI,O cung,91,8,0.092307692,0.6,0.5,0.5,0.5,0.5,
H_MOBI,Ram,100,9,0.0945,0.8,0.5,0.5,0.5,0.5,
H_MOBI,Ban Phim,100,9,0.0945,0.3,0.5,0.5,0.5,0.5,
H_MOBI,O cung,88,8,0.095454546,0.6,0.5,0.5,0.5,0,
H_MOBI,O cung,94,10,0.111702128,0.6,0.5,0.5,0.5,0.5,
H_MOBI,Ban Phim,64,7,0.11484375,0.4,0.5,0.5,0.5,0.5,
H_MOBI,Loa,91,10,0.115384616,1,0.5,0.5,0.5,0.5,
H_MOBI,Loa,80,9,0.118125,0.8,0.5,0.5,0.5,0,
H_MOBI,O cung,69,8,0.12173913,1,0.5,0.5,0.5,0.5,
H_MOBI,Ban Phim,17,2,0.123529412,0.7,0.5,0.5,0.5,0.5,
H_MOBI,Ban Phim,49,6,0.128571429,0.3,0.5,0.5,0.5,0.5,
H_MOBI,O cung,24,3,0.13125,1,0.5,0.5,0.5,0,
H_MOBI,O cung,87,11,0.132758621,0,0.5,0.5,0.5,0.5,
H_MOBI,Loa,61,8,0.137704918,0.3,0.5,0.5,0.5,0.5,
H_MOBI,Ban Phim,7,1,0.15,0.7,0.5,0.5,0.5,0.5,
H_MOBI,O cung,76,11,0.151973684,0,0.5,0.5,0.5,0.5,
H_MOBI,Loa,61,9,0.154918033,0.6,0.5,0.5,0.5,0.5,
H_MOBI,Loa,65,11,0.177692308,0.5,0.5,0.5,0.5,0.5,
H_MOBI,O cung,58,10,0.181034483,0.4,0.5,0.5,0.5,0.5,
H_MOBI,Ram,23,4,0.182608695,0,0.5,0.5,0.5,0.5,
H_MOBI,O cung,91,16,0.184615385,1,0.5,0.5,0.5,0.5,
H_MOBI,Ban Phim,90,16,0.186666667,0.2,0.5,0.5,0.5,0.5,
H_MOBI,Loa,55,10,0.190909091,0.7,0.5,0.5,0.5,0.5,
H_MOBI,Loa,11,2,0.190909091,0.2,0.5,0.5,0.5,0.5,
H_MOBI,Ban Phim,76,14,0.193421052,0.4,0.5,0.5,0.5,0.5,
H_MOBI,O cung,48,9,0.196875,0.6,0.5,0.5,0.5,0,
H_MOBI,Loa,95,18,0.198947368,1,0.5,0.5,0.5,0.5,
H_MOBI,Ban Phim,87,17,0.205172414,1,0.5,0.5,0.5,0.5,
H_MOBI,O cung,56,11,0.20625,0.8,0.5,0.5,0.5,0.5,
H_MOBI,Ram,66,13,0.206818182,0.8,0.5,0.5,0.5,0.5,
H_MOBI,O cung,100,20,0.21,0.1,0.5,0.5,0.5,0.5,
H_MOBI,Loa,97,20,0.216494845,1,0.5,0.5,0.5,0,
H_MOBI,Loa,77,16,0.218181818,0,0.5,0.5,0.5,0.5,
H_MOBI,O cung,90,20,0.233333333,0,0.5,0.5,0.5,0.5,
H_MOBI,Loa,69,16,0.243478261,0.8,0.5,0.5,0.5,0,
H_MOBI,Ban Phim,78,19,0.255769231,0.3,0.5,0.5,0.5,0.5,
H_MOBI,Loa,16,4,0.2625,1,0.5,0.5,0.5,0.5,
H_MOBI,Ram,52,13,0.2625,0.4,0.5,0.5,0.5,0.5,
H_MOBI,Loa,80,20,0.2625,0.8,0.5,0.5,0.5,0.5,
H_MOBI,O cung,77,20,0.272727273,0.3,0.5,0.5,0.5,0.5,
H_MOBI,O cung,63,17,0.283333334,0.3,0.5,0.5,0.5,0,
H_MOBI,Loa,11,3,0.286363637,0.1,0.5,0.5,0.5,0.5,
H_MOBI,Loa,54,15,0.291666667,0,0.5,0.5,0.5,0,
H_MOBI,Loa,43,12,0.293023255,0.3,0.5,0.5,0.5,0.5,
H_MOBI,Loa,67,19,0.297761195,0.6,0.5,0.5,0.5,0.5,
H_MOBI,Loa,58,17,0.307758621,1,0.5,0.5,0.5,0.5,
H_MOBI,Loa,61,18,0.309836065,0,0.5,0.5,0.5,0.5,
H_MOBI,Loa,66,20,0.318181818,0.1,0.5,0.5,0.5,0.5,
H_MOBI,Ban Phim,56,18,0.3375,0.3,0.5,0.5,0.5,0.5,
H_MOBI,Loa,6,2,0.35,0,0.5,0.5,0.5,0.5,
H_MOBI,Ram,53,18,0.356603774,0.2,0.5,0.5,0.5,0.5,
H_MOBI,Loa,45,16,0.373333334,0.1,0.5,0.5,0.5,0,
H_MOBI,Ram,47,17,0.379787235,0.4,0.5,0.5,0.5,0.5,
H_MOBI,Loa,47,17,0.379787235,0.6,0.5,0.5,0.5,0.5,
H_MOBI,O cung,40,16,0.42,0,0.5,0.5,0.5,0.5,
H_MOBI,Ban Phim,49,20,0.428571428,0,0.5,0.5,0.5,0,
H_MOBI,Ban Phim,22,9,0.429545455,0.5,0.5,0.5,0.5,0.5,
H_MOBI,Loa,28,12,0.450000001,0.1,0.5,0.5,0.5,0.5,
H_MOBI,O cung,44,19,0.453409091,0,0.5,0.5,0.5,0,
H_MOBI,Ram,16,7,0.459375,0.9,0.5,0.5,0.5,0.5,
H_MOBI,Loa,45,20,0.466666666,0.7,0.5,0.5,0.5,0.5,
H_MOBI,Ram,25,13,0.546,0.7,1,0.5,0.5,0.5,
H_MOBI,Ban Phim,9,5,0.583333334,0.9,1,0.5,0.5,0.5,
H_MOBI,Loa,23,13,0.593478261,0.2,1,0.5,0.5,0,
H_MOBI,O cung,28,16,0.6,0,1,0.5,0.5,0.5,
H_MOBI,Loa,14,9,0.675,0.3,1,0.5,0.5,0.5,
H_MOBI,Ban Phim,20,13,0.6825,0.9,1,0.5,0.5,0.5,
H_MOBI,Loa,24,16,0.700000001,0.6,1,0.5,0.5,0,
H_MOBI,Loa,22,15,0.715909091,0,1,0.5,0.5,0.5,
H_MOBI,Ban Phim,22,16,0.763636364,0.5,1,0.5,0.5,0.5,
H_MOBI,O cung,22,17,0.811363637,0.2,1,0.5,0.5,0.5,
H_MOBI,Ram,11,9,0.859090909,0.2,1,0.5,0.5,0,
H_MOBI,Loa,6,5,0.875,0.3,1,0.5,0.5,0.5,
H_MOBI,Loa,19,16,0.884210527,0.8,1,0.5,0.5,0.5,
H_MOBI,Loa,7,6,0.9,0.4,1,0.5,0.5,0.5,
H_MOBI,O cung,7,6,0.9,0,1,0.5,0.5,0.5,
H_MOBI,Loa,9,8,0.933333334,0.7,1,0.5,0.5,0.5,
H_MOBI,Ram,9,8,0.933333334,0.5,1,0.5,0.5,0.5,
H_MOBI,Loa,10,9,0.945,0.7,1,0.5,0.5,0.5,
H_MOBI,O cung,22,20,0.954545455,0.3,1,0.5,0.5,0.5,
H_MOBI,Ban Phim,11,10,0.954545455,0,1,0.5,0.5,0.5,
H_MOBI,Loa,12,11,0.962500001,0.3,1,0.5,0.5,0.5,
H_MOBI,Loa,12,11,0.962500001,0.4,1,0.5,0.5,0.5,
H_MOBI,Ram,14,13,0.975000001,0.3,1,0.5,0.5,0.5,
H_MOBI,Ram,16,15,0.984375,0.9,1,0.5,0.5,0.5,
SO_MOBI,O cung,11,0,0,0.1,0,0,1,1,
SO_MOBI,O cung,5,0,0,0.2,0,0,1,1,
SO_MOBI,O cung,81,0,0,1,0,0,1,1,
SO_MOBI,Loa,41,0,0,0,0,0,1,1,
SO_MOBI,Loa,29,0,0,0.3,0,0,1,1,
SO_MOBI,Loa,91,1,0.011538462,0,0,0,1,1,
SO_MOBI,Ban Phim,89,1,0.011797753,1,0,0,1,1,
SO_MOBI,Ban Phim,84,1,0.0125,0.5,0,0,1,1,
SO_MOBI,Loa,65,1,0.016153846,0.9,0,0,1,1,
SO_MOBI,Loa,57,1,0.018421053,0.2,0,0,1,1,
SO_MOBI,Loa,47,1,0.022340426,0,0,0,1,1,
SO_MOBI,O cung,42,1,0.025,0.2,0,0,1,1,
SO_MOBI,Loa,82,2,0.025609756,0.5,0,0,1,1,
SO_MOBI,O cung,76,2,0.027631578,0,0,0,1,1,
SO_MOBI,Ban Phim,67,2,0.031343283,1,0,0,1,1,
SO_MOBI,Ram,100,3,0.0315,0.8,0,0,1,1,
SO_MOBI,O cung,96,3,0.0328125,0.7,0,0,1,1,
SO_MOBI,Ram,59,2,0.03559322,0.8,0,0,1,1,
SO_MOBI,Loa,27,1,0.038888889,0.6,0,0,1,1,
SO_MOBI,Ram,93,4,0.045161291,0.3,0,0,1,1,
SO_MOBI,Ram,69,3,0.045652174,0.1,0,0,1,1,
SO_MOBI,Loa,92,4,0.045652174,0.1,0,0,1,1,
SO_MOBI,Ban Phim,91,4,0.046153846,0.5,0,0,1,1,3
SO_MOBI,O cung,97,5,0.054123712,0.6,0,0,1,1,
SO_MOBI,O cung,72,4,0.058333334,0.2,0,0,1,1,
SO_MOBI,O cung,83,5,0.063253012,0.2,0,0,1,1,
SO_MOBI,Ram,100,7,0.0735,0.7,0,0,1,1,
SO_MOBI,Ram,71,5,0.073943662,0.7,0,0,1,0.5,
SO_MOBI,Ban Phim,56,4,0.075,0.4,0,0,1,1,
SO_MOBI,Loa,69,5,0.076086956,0.2,0,0,1,1,
SO_MOBI,Loa,51,4,0.082352942,0.1,0,0,1,0.5,
SO_MOBI,Ram,61,5,0.086065574,0,0,0,1,0.5,
SO_MOBI,Loa,94,8,0.089361702,0.1,0.5,0,1,1,
SO_MOBI,O cung,56,5,0.09375,0.8,0.5,0,1,0.5,
SO_MOBI,Ban Phim,63,6,0.1,0.5,0.5,0,1,1,
SO_MOBI,Ban Phim,52,5,0.100961538,0,0.5,0,1,1,
SO_MOBI,Ban Phim,71,7,0.103521126,0.1,0.5,0,1,0.5,
SO_MOBI,Loa,28,3,0.1125,0.1,0.5,0,1,1,
SO_MOBI,Loa,73,8,0.115068493,0.5,0.5,0,1,1,
SO_MOBI,Ram,100,11,0.1155,0.3,0.5,0,1,1,
SO_MOBI,Loa,90,10,0.116666667,0.7,0.5,0,1,0.5,
SO_MOBI,Ram,75,9,0.126,0.7,0.5,0,1,1,
SO_MOBI,O cung,75,9,0.126,0.8,0.5,0,1,1,
SO_MOBI,Loa,16,2,0.13125,0,0.5,0,1,1,
SO_MOBI,Loa,23,3,0.136956522,0.3,0.5,0,1,1,
SO_MOBI,Loa,61,8,0.137704918,0.2,0.5,0,1,1,
SO_MOBI,Loa,97,13,0.14072165,0.5,0.5,0,1,1,
SO_MOBI,Loa,82,11,0.140853658,0.8,0.5,0,1,1,
SO_MOBI,Ram,66,9,0.143181818,0.2,0.5,0,1,1,
SO_MOBI,Ban Phim,51,7,0.144117647,0.4,0.5,0,1,1,
SO_MOBI,Loa,43,6,0.146511628,0.9,0.5,0,1,1,
SO_MOBI,Loa,98,14,0.15,0.5,0.5,0,1,1,
SO_MOBI,Ban Phim,89,13,0.153370787,1,0.5,0,1,1,
SO_MOBI,Loa,81,12,0.155555555,0.4,0.5,0,1,1,
SO_MOBI,O cung,98,15,0.160714285,0,0.5,0,1,1,
SO_MOBI,Loa,83,13,0.164457831,0.8,0.5,0,1,1,
SO_MOBI,Loa,80,13,0.170625,0,0.5,0,1,1,
SO_MOBI,Ram,55,9,0.171818182,0.8,0.5,0,1,1,
SO_MOBI,Ban Phim,60,10,0.175,0.4,0.5,0,1,1,
SO_MOBI,O cung,87,15,0.181034483,0.4,0.5,0,1,1,
SO_MOBI,Ban Phim,57,10,0.184210526,0.8,0.5,0,1,1,
SO_MOBI,Loa,94,17,0.189893617,0.6,0.5,0,1,1,
SO_MOBI,Ban Phim,22,4,0.190909091,1,0.5,0,1,1,
SO_MOBI,Loa,27,5,0.194444444,0.8,0.5,0,1,1,
SO_MOBI,Ram,42,8,0.2,0.1,0.5,0,1,1,
SO_MOBI,Loa,47,9,0.20106383,0.3,0.5,0,1,1,
SO_MOBI,O cung,61,12,0.206557377,0,0.5,0,1,1,
SO_MOBI,Ram,76,15,0.207236842,0.8,0.5,0,1,1,
SO_MOBI,Ram,91,18,0.207692308,0.6,0.5,0,1,1,
SO_MOBI,Loa,25,5,0.21,0.6,0.5,0,1,1,
SO_MOBI,Ram,25,5,0.21,0.8,0.5,0,1,1,
SO_MOBI,Ram,83,17,0.215060241,0.6,0.5,0,1,1,
SO_MOBI,Loa,23,5,0.228260869,0.9,0.5,0,1,1,
SO_MOBI,O cung,64,14,0.2296875,1,0.5,0,1,1,
SO_MOBI,Ram,41,9,0.230487805,0.1,1,0,1,1,
SO_MOBI,Ram,71,16,0.236619719,0.6,1,0,1,1,
SO_MOBI,Loa,71,16,0.236619719,0.5,1,0,1,1,
SO_MOBI,Ban Phim,47,11,0.245744681,0.9,1,0,1,1,
SO_MOBI,Ban Phim,40,10,0.2625,0.2,1,0,1,1,
SO_MOBI,Loa,58,15,0.271551725,0.9,1,0,1,1,
SO_MOBI,Loa,73,19,0.273287672,0.5,1,0,1,1,
SO_MOBI,Loa,76,20,0.27631579,0.5,1,0,1,1,
SO_MOBI,O cung,15,4,0.28,1,1,0,1,1,
SO_MOBI,Ram,59,16,0.284745763,0,1,0,1,1,
SO_MOBI,Loa,40,11,0.28875,0.7,1,0,1,1,
SO_MOBI,O cung,61,17,0.292622951,0,1,0,1,1,
SO_MOBI,Loa,67,19,0.297761195,0.8,1,0,1,1,
SO_MOBI,O cung,63,18,0.3,0.5,1,0,1,0.5,
SO_MOBI,Ban Phim,49,14,0.3,0.1,1,0,1,1,
SO_MOBI,Loa,28,8,0.3,0.5,1,0,1,1,
SO_MOBI,O cung,52,16,0.323076924,0,1,0,1,0.5,
SO_MOBI,O cung,22,7,0.334090909,0.6,1,0,1,1,
SO_MOBI,Loa,62,20,0.338709677,0.9,1,0,1,0.5,
SO_MOBI,Loa,46,15,0.342391305,0.9,1,0,1,1,
SO_MOBI,Ram,12,4,0.35,0.9,1,0,1,1,
SO_MOBI,Ban Phim,29,10,0.362068965,0.7,1,0,1,1,
SO_MOBI,O cung,26,9,0.363461538,0.2,1,0,1,1,
SO_MOBI,O cung,43,15,0.36627907,0.3,1,0,1,1,
SO_MOBI,Ram,53,19,0.376415094,0,1,0,1,1,
SO_MOBI,Loa,50,18,0.378,0.4,1,0,1,1,
SO_MOBI,Ram,46,17,0.388043478,0,1,0,1,1,
SO_MOBI,O cung,42,16,0.4,0.3,1,0,1,1,
SO_MOBI,Ram,47,18,0.402127659,0,1,0,1,1,
SO_MOBI,Loa,19,9,0.497368422,0.8,1,0,1,1,
SO_MOBI,Ram,26,14,0.565384615,0.3,1,0,1,1,
SO_MOBI,Loa,20,11,0.5775,0.5,1,0,1,1,
SO_MOBI,Loa,27,15,0.583333334,0.1,1,0,1,1,
SO_MOBI,Loa,16,9,0.590625,1,1,0,1,1,
SO_MOBI,Loa,15,9,0.63,0.8,1,0,1,1,
SO_MOBI,Ram,29,18,0.651724138,0.6,1,0,1,1,
SO_MOBI,Loa,17,11,0.679411765,0,1,0,1,1,
SO_MOBI,Loa,19,13,0.718421053,1,1,0,1,1,
SO_MOBI,Loa,24,19,0.831250001,0,1,0,1,1,
SO_MOBI,Ram,5,4,0.84,0.2,1,0,1,1,
SO_MOBI,Ban Phim,25,20,0.84,0.9,1,0,1,1,
SO_MOBI,Ban Phim,23,19,0.867391305,0.5,1,0,1,1,
SO_MOBI,Loa,13,11,0.888461539,0.6,1,0,1,1,
SO_MOBI,Loa,7,6,0.9,0.5,1,0,1,1,
SO_MOBI,Loa,7,6,0.9,1,1,0,1,1,
SO_MOBI,Ban Phim,7,6,0.9,0.9,1,0,1,1,
SO_MOBI,O cung,8,7,0.91875,0.4,1,0,1,1,
SO_MOBI,Ban Phim,8,7,0.91875,0.6,1,0,1,1,
SO_MOBI,Ban Phim,9,8,0.933333334,0,1,0,1,1,
SO_MOBI,Loa,9,8,0.933333334,0.7,1,0,1,1,
SO_MOBI,O cung,19,17,0.939473684,0.4,1,0,1,1,
SO_MOBI,Loa,16,15,0.984375,0.7,1,0,1,1,
SO_MOBI,Ram,19,18,0.994736842,0.4,1,0,1,1,
